Src,Eqid,Version,Datetime,Lat,Lon,Magnitude,Depth,NST
nc,51195074,1,"Monday, January 21, 2008 21:59:59 UTC",38.8268,-122.8277,1.0,2.20,10
nc,51195073,1,"Monday, January 21, 2008 21:40:49 UTC",36.0530,-120.6512,1.1,1.80, 9
ak,00025218,1,"Monday, January 21, 2008 21:35:00 UTC",63.0304,-149.6370,2.2,84.40,22
ci,14344024,1,"Monday, January 21, 2008 20:45:44 UTC",33.4206,-116.2076,1.6,8.30,13
ak,00025216,1,"Monday, January 21, 2008 20:43:54 UTC",61.0008,-151.3348,2.8,62.80,29
nc,51195072,1,"Monday, January 21, 2008 20:31:58 UTC",36.8390,-121.2987,1.8,4.10,34
ci,14344020,1,"Monday, January 21, 2008 20:16:09 UTC",33.9316,-117.0368,1.2,0.50,39
nc,51195071,1,"Monday, January 21, 2008 20:14:55 UTC",41.8828,-122.5210,2.1,5.00, 9
nc,51195070,1,"Monday, January 21, 2008 20:12:51 UTC",38.8235,-122.7985,1.4,2.20,20
ak,00025215,1,"Monday, January 21, 2008 20:03:23 UTC",63.1004,-144.1199,1.8,44.30,04
ci,14344016,1,"Monday, January 21, 2008 19:59:40 UTC",35.5251,-118.3636,1.4,5.80,29
ci,14344012,1,"Monday, January 21, 2008 19:57:54 UTC",32.5711,-116.7853,1.7,2.30,22
ak,00025214,1,"Monday, January 21, 2008 19:21:44 UTC",51.8181,-178.0287,2.1,23.30,05
ci,14344000,1,"Monday, January 21, 2008 19:20:02 UTC",35.0868,-118.5655,1.8,2.20,12
ak,00025213,1,"Monday, January 21, 2008 18:24:13 UTC",61.2870,-152.5127,2.1,0.00,04
ak,00025211,1,"Monday, January 21, 2008 18:18:46 UTC",63.5055,-147.3064,1.9,0.00,16
nc,51195063,1,"Monday, January 21, 2008 18:12:48 UTC",38.8198,-122.8002,1.0,0.50,13
ak,00025208,1,"Monday, January 21, 2008 17:13:33 UTC",54.4235,-164.6169,1.8,75.30,08
hv,00027572,0,"Monday, January 21, 2008 16:43:52 UTC",19.4012,-155.2825,1.9,1.70,00
nc,51195056,1,"Monday, January 21, 2008 16:41:01 UTC",38.8298,-122.8095,1.0,1.50,12
uw,01211616,1,"Monday, January 21, 2008 16:16:51 UTC",46.8699,-121.9548,1.5,8.30,26
ci,14343988,1,"Monday, January 21, 2008 15:54:59 UTC",33.0470,-115.5905,1.6,17.80,32
ak,00025206,1,"Monday, January 21, 2008 15:51:14 UTC",63.2275,-151.3328,1.0,0.00,08
ci,14343984,1,"Monday, January 21, 2008 15:35:28 UTC",35.3563,-118.5800,2.4,6.60,46
ak,00025205,1,"Monday, January 21, 2008 15:34:11 UTC",63.4731,-147.6497,1.6,0.80,09
us,2008mlav,6,"Monday, January 21, 2008 15:28:35 UTC",-10.5729,41.5442,4.9,10.00,23
nc,51195053,1,"Monday, January 21, 2008 14:43:24 UTC",38.8253,-122.7967,1.4,3.50,17
ak,00025204,1,"Monday, January 21, 2008 14:37:45 UTC",51.5825,-177.0774,2.0,47.60,07
nc,51195051,1,"Monday, January 21, 2008 14:24:05 UTC",38.8180,-122.7865,1.2,1.80,16
nc,51195050,1,"Monday, January 21, 2008 14:21:19 UTC",37.3518,-121.7142,1.7,8.30,39
ak,00025201,1,"Monday, January 21, 2008 14:02:48 UTC",61.9405,-150.3268,2.0,10.30,08
ci,14343980,1,"Monday, January 21, 2008 13:37:20 UTC",33.8413,-117.6793,1.4,4.20,36
ak,00025199,1,"Monday, January 21, 2008 13:32:20 UTC",61.1723,-151.2927,2.3,53.90,24
us,2008mlar,8,"Monday, January 21, 2008 12:24:27 UTC",-34.8718,-111.9547,5.6,10.00,138
nn,00230242,1,"Monday, January 21, 2008 12:17:42 UTC",37.7660,-116.3630,1.4,8.00,32
nc,51195047,1,"Monday, January 21, 2008 12:09:29 UTC",37.4287,-121.7725,1.8,8.60,39
ak,00025198,1,"Monday, January 21, 2008 11:11:01 UTC",55.1835,-162.8334,2.5,100.00,05
ak,00025196,1,"Monday, January 21, 2008 11:05:18 UTC",51.7112,-177.8795,2.2,25.70,09
ak,00025195,1,"Monday, January 21, 2008 11:02:33 UTC",61.6380,-140.4484,3.3,0.00,07
nc,51195046,1,"Monday, January 21, 2008 10:54:25 UTC",38.8287,-122.8280,1.5,2.60,18
ak,00025193,1,"Monday, January 21, 2008 10:26:54 UTC",63.5579,-147.1990,1.7,0.10,10
nc,51195045,1,"Monday, January 21, 2008 10:12:25 UTC",37.4278,-121.7773,1.4,10.00,16
ak,00025191,1,"Monday, January 21, 2008 09:32:28 UTC",63.5432,-147.2978,1.4,0.10,11
nc,51195043,1,"Monday, January 21, 2008 07:44:34 UTC",38.7832,-122.7453,1.5,1.50,14
ak,00025190,1,"Monday, January 21, 2008 07:38:17 UTC",53.4125,-168.0977,3.1,80.70,10
ci,14343960,1,"Monday, January 21, 2008 07:14:34 UTC",32.7848,-115.6758,2.3,12.50,52
nm,hwb0121a,A,"Monday, January 21, 2008 07:02:55 UTC",36.4700,-89.5000,1.7,5.70,23
ak,00025188,1,"Monday, January 21, 2008 06:49:19 UTC",64.5058,-152.1553,1.7,4.40,05
nc,51195040,1,"Monday, January 21, 2008 06:48:38 UTC",38.8338,-122.7997,1.7,2.60,21
nc,51195038,1,"Monday, January 21, 2008 06:33:49 UTC",37.4112,-121.7525,1.3,10.00,13
nc,51195037,1,"Monday, January 21, 2008 06:31:10 UTC",37.1228,-121.5318,1.3,7.00,11
ak,00025187,1,"Monday, January 21, 2008 06:23:28 UTC",64.3834,-149.8451,1.3,25.00,07
nc,51195036,1,"Monday, January 21, 2008 06:08:18 UTC",37.1252,-121.5272,1.9,7.20,59
nc,51195035,1,"Monday, January 21, 2008 06:03:01 UTC",38.8207,-122.8110,1.7,2.10,19
ak,00025182,1,"Monday, January 21, 2008 05:53:18 UTC",53.8597,-165.4974,2.6,54.70,09
nc,51195034,1,"Monday, January 21, 2008 05:49:40 UTC",38.8140,-122.7857,1.2,1.70,13
nc,51195033,1,"Monday, January 21, 2008 05:36:54 UTC",38.8263,-122.8293,1.5,2.70,16
ak,00025181,1,"Monday, January 21, 2008 05:29:53 UTC",60.6006,-151.7301,1.9,26.00,06
nc,51195031,1,"Monday, January 21, 2008 05:05:33 UTC",37.9480,-122.0298,1.0,10.70, 8
ci,14343952,1,"Monday, January 21, 2008 04:39:52 UTC",32.8476,-115.6048,1.3,16.30,24
ak,00025179,1,"Monday, January 21, 2008 04:28:55 UTC",64.4099,-149.8364,2.1,8.10,15
ak,00025178,1,"Monday, January 21, 2008 04:23:13 UTC",63.3903,-151.4471,1.7,9.60,11
ak,00025176,1,"Monday, January 21, 2008 04:15:17 UTC",61.5039,-151.4955,1.5,61.60,13
nc,51195028,1,"Monday, January 21, 2008 04:00:15 UTC",37.5748,-118.8702,1.5,3.90,20
us,2008mlai,7,"Monday, January 21, 2008 03:41:35 UTC",-34.6635,-112.2904,4.7,10.00,24
nc,51195024,1,"Monday, January 21, 2008 03:33:20 UTC",38.8178,-122.7872,1.3,1.80,15
ak,00025172,1,"Monday, January 21, 2008 03:30:47 UTC",63.8654,-149.7675,1.7,19.70,05
hv,00027569,0,"Monday, January 21, 2008 03:25:05 UTC",19.8717,-155.5250,3.2,24.60,00
ci,14343940,1,"Monday, January 21, 2008 03:24:19 UTC",33.0081,-116.3368,1.4,9.10,44
us,2008mlae,7,"Monday, January 21, 2008 03:24:13 UTC",46.2694,153.5371,4.7,58.40,38
ci,14343936,1,"Monday, January 21, 2008 03:23:47 UTC",33.6501,-116.7285,1.0,18.90,40
us,2008mlah,6,"Monday, January 21, 2008 03:22:58 UTC",-0.0031,123.8661,4.9,160.50,10
ci,14343928,1,"Monday, January 21, 2008 03:16:18 UTC",35.3426,-118.5651,1.7,9.80,13
us,2008mlaj,7,"Monday, January 21, 2008 03:12:22 UTC",41.1425,142.3582,4.7,83.90,14
nn,00230227,1,"Monday, January 21, 2008 03:08:21 UTC",38.4810,-118.0640,2.2,16.00,12
ci,14343904,1,"Monday, January 21, 2008 03:07:18 UTC",33.5099,-116.5016,1.5,16.10,31
us,2008mlad,6,"Monday, January 21, 2008 02:49:11 UTC",-10.6669,41.3919,5.0,10.00,30
ak,00025170,1,"Monday, January 21, 2008 01:53:14 UTC",60.7335,-150.6356,2.7,43.70,18
ci,14343896,1,"Monday, January 21, 2008 01:29:52 UTC",35.3401,-118.5893,1.6,2.70,12
ci,14343892,1,"Monday, January 21, 2008 01:24:59 UTC",35.3491,-118.5745,1.6,8.60,15
ak,00025169,1,"Monday, January 21, 2008 00:31:58 UTC",62.2090,-150.1879,1.8,9.00,07
ak,00025168,1,"Monday, January 21, 2008 00:21:28 UTC",61.9622,-150.6807,2.5,58.10,13
ci,14343872,1,"Monday, January 21, 2008 00:14:05 UTC",33.1795,-115.6695,1.5,23.40,21
nc,51195020,1,"Sunday, January 20, 2008 23:48:05 UTC",35.7238,-121.0617,1.6,5.80,23
ci,14343868,1,"Sunday, January 20, 2008 22:53:40 UTC",34.2111,-117.5113,1.4,7.10,39
ci,14343864,1,"Sunday, January 20, 2008 22:14:38 UTC",33.6900,-116.0333,2.6,10.30,82
nc,51195015,1,"Sunday, January 20, 2008 21:55:55 UTC",38.7872,-122.7733,1.2,2.40, 9
nc,51195014,1,"Sunday, January 20, 2008 21:23:17 UTC",38.8352,-122.8268,1.3,2.10,14
ak,00025165,2,"Sunday, January 20, 2008 21:20:11 UTC",54.7023,-160.9107,2.3,10.90,06
ak,00025163,1,"Sunday, January 20, 2008 20:53:59 UTC",61.7222,-151.5174,2.0,82.40,07
ak,00025160,1,"Sunday, January 20, 2008 20:46:08 UTC",65.8118,-160.5422,3.6,4.50,18
us,2008mka2,7,"Sunday, January 20, 2008 20:26:06 UTC",2.3622,126.9811,5.9,53.30,32
nc,51195012,1,"Sunday, January 20, 2008 20:19:18 UTC",40.1505,-122.7495,2.3,0.10,24
ak,00025154,1,"Sunday, January 20, 2008 19:54:28 UTC",64.8108,-147.5755,1.0,0.00,08
ci,14343856,1,"Sunday, January 20, 2008 19:53:31 UTC",32.6036,-115.7651,1.4,1.60,18
ak,00025153,1,"Sunday, January 20, 2008 19:39:20 UTC",63.1714,-151.4765,1.5,13.90,07
nc,51195007,1,"Sunday, January 20, 2008 19:00:00 UTC",38.7853,-122.7298,1.4,2.10, 9
us,2008mkay,7,"Sunday, January 20, 2008 18:41:53 UTC",-44.9358,167.0004,5.2,35.00,19
ak,00025151,1,"Sunday, January 20, 2008 18:38:16 UTC",63.5545,-147.2952,1.5,0.00,08
nc,51195002,1,"Sunday, January 20, 2008 17:29:36 UTC",38.7593,-122.7227,2.2,1.10,25
nn,00230210,1,"Sunday, January 20, 2008 17:28:59 UTC",35.8350,-115.1190,1.4,0.00,10
nc,51194999,1,"Sunday, January 20, 2008 17:21:58 UTC",38.7903,-122.7663,1.6,2.40,20
ci,14343852,1,"Sunday, January 20, 2008 16:52:33 UTC",33.1570,-116.1201,1.5,8.10,17
ak,00025150,1,"Sunday, January 20, 2008 16:52:08 UTC",60.2693,-152.8962,1.4,84.50,04
nc,51194995,1,"Sunday, January 20, 2008 16:40:01 UTC",38.7983,-122.7992,1.4,3.50,25
ak,00025149,1,"Sunday, January 20, 2008 16:39:20 UTC",61.2450,-151.4331,1.6,35.60,06
ci,14343848,1,"Sunday, January 20, 2008 16:28:40 UTC",33.4640,-116.8905,1.4,14.00,46
nc,51194994,1,"Sunday, January 20, 2008 15:21:16 UTC",38.8242,-122.8270,1.0,2.00,12
us,2008mkau,Q,"Sunday, January 20, 2008 15:15:15 UTC",-31.2957,-179.9573,4.9,341.90,32
us,2008mkav,Q,"Sunday, January 20, 2008 14:47:17 UTC",5.0893,94.1720,4.6,35.00,15
uw,01201426,1,"Sunday, January 20, 2008 14:26:26 UTC",48.0576,-122.6204,1.9,27.40,25
ak,00025145,1,"Sunday, January 20, 2008 14:18:42 UTC",54.4134,-164.3817,2.1,47.90,13
nc,51194993,1,"Sunday, January 20, 2008 14:18:34 UTC",36.6822,-121.3130,1.3,2.90, 8
ci,14343844,1,"Sunday, January 20, 2008 14:11:43 UTC",35.7823,-118.5635,1.5,11.80,19
ak,00025142,1,"Sunday, January 20, 2008 13:51:38 UTC",59.5240,-152.9135,2.4,93.50,09
nc,51194990,1,"Sunday, January 20, 2008 13:39:28 UTC",37.9887,-118.6850,2.0,5.70,10
ak,00025141,1,"Sunday, January 20, 2008 13:31:18 UTC",63.2839,-151.9076,1.2,1.30,04
nc,51194988,1,"Sunday, January 20, 2008 13:11:17 UTC",38.8243,-122.8298,1.6,2.50,22
nn,00230195,1,"Sunday, January 20, 2008 13:04:20 UTC",37.1260,-115.4200,1.3,0.00,40
ci,14343836,1,"Sunday, January 20, 2008 12:41:44 UTC",33.4100,-116.4438,1.3,13.70,23
nc,51194987,1,"Sunday, January 20, 2008 12:28:47 UTC",40.1600,-122.7737,2.4,10.00,28
ci,14343828,1,"Sunday, January 20, 2008 12:24:59 UTC",35.9815,-117.0200,1.4,0.10,15
nc,51194986,1,"Sunday, January 20, 2008 12:22:04 UTC",39.3528,-123.2742,1.8,0.80,10
nc,51194984,1,"Sunday, January 20, 2008 12:06:37 UTC",38.8383,-122.7660,1.5,1.40,12
nc,51194983,1,"Sunday, January 20, 2008 11:53:29 UTC",37.4303,-121.7730,1.6,10.20,35
nm,hwb0120b,A,"Sunday, January 20, 2008 11:52:52 UTC",33.9199,-89.8800,1.7,4.10, 7
nc,51194982,1,"Sunday, January 20, 2008 11:47:08 UTC",38.8190,-122.8210,1.5,2.80,23
nc,51194981,1,"Sunday, January 20, 2008 11:37:58 UTC",40.1642,-122.7820,2.0,0.20,21
ak,00025140,1,"Sunday, January 20, 2008 11:31:55 UTC",63.4633,-151.3694,1.0,11.00,04
nc,51194980,1,"Sunday, January 20, 2008 11:16:39 UTC",35.9265,-119.7852,3.0,22.40,91
nc,51194979,1,"Sunday, January 20, 2008 11:10:09 UTC",38.8352,-122.8277,1.3,2.20,16
nc,51194978,1,"Sunday, January 20, 2008 11:02:56 UTC",38.8358,-122.8305,1.0,2.20,11
ci,14343820,1,"Sunday, January 20, 2008 10:51:13 UTC",33.5305,-116.4478,1.2,12.70,25
us,2008mkam,7,"Sunday, January 20, 2008 10:27:23 UTC",1.7973,126.7391,5.1,81.00,34
hv,00027567,0,"Sunday, January 20, 2008 10:17:56 UTC",19.5287,-155.5403,1.8,22.00,00
nc,51194976,1,"Sunday, January 20, 2008 10:00:50 UTC",37.9040,-122.1263,1.7,11.40,24
ci,14343816,1,"Sunday, January 20, 2008 09:43:17 UTC",33.4195,-116.4468,1.4,5.60,22
ci,14343812,1,"Sunday, January 20, 2008 09:36:24 UTC",33.4980,-116.4538,1.1,5.30,41
ci,14343808,1,"Sunday, January 20, 2008 09:29:58 UTC",33.5029,-116.4600,1.1,7.80,46
nc,51194973,1,"Sunday, January 20, 2008 09:19:10 UTC",37.0578,-121.2078,1.5,6.70,27
nm,hwb0120a,A,"Sunday, January 20, 2008 09:13:54 UTC",36.6300,-89.5600,2.5,9.90,35
nc,51194972,1,"Sunday, January 20, 2008 08:58:15 UTC",35.6920,-120.5437,1.7,3.60,38
uw,01200856,1,"Sunday, January 20, 2008 08:56:59 UTC",46.2000,-122.1885,2.0,2.20, 6
ak,00025137,1,"Sunday, January 20, 2008 07:53:05 UTC",61.9212,-150.0023,1.9,32.20,06
ci,14343800,1,"Sunday, January 20, 2008 06:57:20 UTC",35.8185,-117.6995,2.1,9.00,12
nc,51194967,1,"Sunday, January 20, 2008 06:20:07 UTC",38.7745,-122.7182,1.1,2.70,11
us,2008mkai,7,"Sunday, January 20, 2008 06:08:55 UTC",-35.2749,-112.0060,5.4,10.00,80
nc,51194966,1,"Sunday, January 20, 2008 06:05:59 UTC",38.8530,-122.8092,1.2,2.80,13
ak,00025135,1,"Sunday, January 20, 2008 05:57:09 UTC",61.4988,-151.2560,1.8,0.00,04
ak,00025133,1,"Sunday, January 20, 2008 05:46:35 UTC",63.0530,-150.8160,2.1,100.00,12
nc,51194964,1,"Sunday, January 20, 2008 05:27:55 UTC",36.7392,-121.3378,1.1,5.20, 9
nc,51194963,1,"Sunday, January 20, 2008 05:27:11 UTC",35.9927,-120.5592,1.5,3.60,21
nc,51194962,1,"Sunday, January 20, 2008 05:15:32 UTC",36.7140,-121.3457,1.4,5.20,16
nc,51194961,1,"Sunday, January 20, 2008 05:12:19 UTC",36.7142,-121.3465,1.8,5.00,18
ak,00025129,1,"Sunday, January 20, 2008 04:40:12 UTC",63.4159,-143.3945,2.9,6.90,19
ci,14343788,1,"Sunday, January 20, 2008 04:33:44 UTC",33.3733,-116.3768,1.3,5.80,53
mb,15250,1,"Sunday, January 20, 2008 04:25:26 UTC",45.5480,-111.6683,1.1,0.00,22
nc,51194956,1,"Sunday, January 20, 2008 04:01:05 UTC",38.8223,-122.8113,1.2,3.40,15
nc,51194955,1,"Sunday, January 20, 2008 03:36:46 UTC",40.1287,-122.7662,1.8,6.20,11
ak,00025127,1,"Sunday, January 20, 2008 03:34:13 UTC",63.5338,-147.7589,1.6,0.10,14
nc,51194954,1,"Sunday, January 20, 2008 03:30:07 UTC",40.1760,-122.7927,1.7,4.30,12
nm,hwb0120c,A,"Sunday, January 20, 2008 02:34:05 UTC",36.2700,-89.4800,1.5,7.50, 9
nc,51194953,1,"Sunday, January 20, 2008 02:16:18 UTC",40.1838,-122.7553,2.3,0.00,35
ak,00025126,1,"Sunday, January 20, 2008 02:13:02 UTC",63.2577,-151.8236,1.0,7.60,05
ci,14343768,1,"Sunday, January 20, 2008 01:46:53 UTC",32.8440,-116.5263,1.4,5.70,11
uw,01200126,1,"Sunday, January 20, 2008 01:26:06 UTC",46.1990,-122.1955,1.0,1.60, 9
ak,00025121,1,"Sunday, January 20, 2008 00:41:10 UTC",63.5377,-146.9563,1.5,0.00,07
nc,51194949,1,"Sunday, January 20, 2008 00:34:44 UTC",40.1698,-122.7840,1.9,8.00,18
nc,51194948,1,"Sunday, January 20, 2008 00:19:50 UTC",40.1548,-122.7857,1.6,3.80,15
nc,51194947,1,"Sunday, January 20, 2008 00:12:45 UTC",40.1510,-122.7568,2.5,0.00,48
ak,00025120,1,"Sunday, January 20, 2008 00:07:52 UTC",59.1764,-153.1296,2.1,1.30,06
nc,51194946,1,"Sunday, January 20, 2008 00:04:42 UTC",40.1598,-122.7858,2.0,0.00,25
nc,51194945,1,"Saturday, January 19, 2008 23:50:12 UTC",40.1458,-122.7773,1.8,6.30,15
nc,51194940,1,"Saturday, January 19, 2008 23:30:35 UTC",40.1528,-122.7803,1.7,0.00,10
nc,51194939,1,"Saturday, January 19, 2008 23:27:23 UTC",40.1225,-122.7998,1.8,9.70,15
nc,51194938,1,"Saturday, January 19, 2008 23:23:58 UTC",40.1550,-122.7725,1.9,11.30,24
nc,51194937,1,"Saturday, January 19, 2008 23:19:45 UTC",40.1713,-122.7590,1.7,1.30,11
nc,51194936,6,"Saturday, January 19, 2008 23:13:05 UTC",40.1250,-122.7590,4.7,10.40,157
ak,00025113,1,"Saturday, January 19, 2008 23:11:59 UTC",61.7232,-146.6139,3.2,18.50,39
nc,51194935,2,"Saturday, January 19, 2008 23:10:15 UTC",40.1485,-122.7543,3.3,10.40,78
ak,00025111,1,"Saturday, January 19, 2008 22:09:04 UTC",58.5015,-152.2917,3.0,6.90,11
ak,00025110,1,"Saturday, January 19, 2008 21:54:39 UTC",63.2862,-151.1253,1.2,12.60,06
uw,01192152,1,"Saturday, January 19, 2008 21:52:09 UTC",47.5358,-121.9899,1.2,18.40,13
ak,00025108,1,"Saturday, January 19, 2008 21:47:01 UTC",63.0619,-149.8733,2.1,88.70,25
us,2008mjbp,6,"Saturday, January 19, 2008 21:41:33 UTC",33.3356,57.3757,4.4,68.50,31
nc,51194929,1,"Saturday, January 19, 2008 21:21:08 UTC",39.4912,-123.1182,2.4,0.10,30
nc,51194927,1,"Saturday, January 19, 2008 21:09:50 UTC",38.8168,-122.7882,2.0,2.30,32
nc,51194925,1,"Saturday, January 19, 2008 21:07:03 UTC",38.8163,-122.7883,2.0,2.40,34
nc,51194923,1,"Saturday, January 19, 2008 19:47:26 UTC",40.1690,-122.7888,2.1,0.10,23
ci,14343724,1,"Saturday, January 19, 2008 19:36:30 UTC",34.0386,-117.2633,1.7,16.80,82
us,2008mjbe,Q,"Saturday, January 19, 2008 19:33:48 UTC",-14.9454,167.3740,5.2,117.90,65
nc,51194922,1,"Saturday, January 19, 2008 19:30:00 UTC",38.8157,-122.7978,1.0,3.70,18
us,2008mjbd,Q,"Saturday, January 19, 2008 19:24:59 UTC",36.4293,70.7201,5.1,202.90,112
ak,00025095,1,"Saturday, January 19, 2008 19:02:47 UTC",63.4601,-151.3358,1.2,5.20,08
uw,01191902,1,"Saturday, January 19, 2008 19:02:18 UTC",46.1971,-122.1843,1.4,0.60,11
ci,14343720,1,"Saturday, January 19, 2008 18:54:43 UTC",33.4673,-116.4911,1.3,15.10,45
ci,14343716,1,"Saturday, January 19, 2008 18:44:48 UTC",33.8478,-116.7066,1.4,26.20,27
nc,51194920,1,"Saturday, January 19, 2008 18:17:53 UTC",40.1483,-122.7687,2.5,10.30,41
nc,51194919,2,"Saturday, January 19, 2008 18:14:57 UTC",40.1537,-122.7610,3.4,9.90,79
nc,51194918,1,"Saturday, January 19, 2008 18:07:10 UTC",40.1708,-122.7832,2.4,7.60,48
ak,00025094,1,"Saturday, January 19, 2008 17:58:01 UTC",54.0506,-164.2307,3.1,88.60,06
nc,51194916,1,"Saturday, January 19, 2008 17:52:51 UTC",40.1652,-122.7637,2.7,0.00,51
nc,51194915,1,"Saturday, January 19, 2008 17:33:23 UTC",40.1502,-122.7657,1.7,8.90,14
nc,51194914,3,"Saturday, January 19, 2008 17:18:46 UTC",40.1745,-122.7550,4.4,10.10,119
ak,00025087,1,"Saturday, January 19, 2008 15:59:27 UTC",57.6464,-154.3828,2.4,58.70,09
us,2008mja3,7,"Saturday, January 19, 2008 15:47:23 UTC",54.1428,159.9360,4.9,133.60,19
ci,14343664,1,"Saturday, January 19, 2008 15:37:25 UTC",32.6863,-116.1111,1.6,7.40,38
nc,51194913,1,"Saturday, January 19, 2008 15:17:15 UTC",37.4533,-121.7752,1.8,8.00,42
ci,14343660,1,"Saturday, January 19, 2008 14:49:41 UTC",34.3745,-116.4760,1.2,10.00,27
ak,00025083,1,"Saturday, January 19, 2008 14:17:54 UTC",63.2093,-150.4340,1.7,100.00,17
ci,14343648,1,"Saturday, January 19, 2008 13:53:08 UTC",33.3436,-116.3853,1.6,15.10,38
us,2008mjax,7,"Saturday, January 19, 2008 13:45:25 UTC",-21.9260,-178.3868,5.1,411.50,134
ak,00025076,1,"Saturday, January 19, 2008 12:53:29 UTC",63.2551,-151.4635,1.3,9.60,07
ci,14343644,1,"Saturday, January 19, 2008 11:59:25 UTC",35.1086,-118.3403,1.6,7.30,24
ak,00025073,1,"Saturday, January 19, 2008 11:42:39 UTC",63.2598,-151.7817,2.0,0.00,13
nn,00230150,1,"Saturday, January 19, 2008 11:27:53 UTC",37.0280,-114.7450,1.5,0.00, 9
nn,00230149,1,"Saturday, January 19, 2008 11:23:01 UTC",36.8610,-116.2580,1.6,8.00,50
nn,00230148,1,"Saturday, January 19, 2008 11:11:07 UTC",36.9940,-114.9720,1.6,0.00,36
ci,14343640,1,"Saturday, January 19, 2008 11:05:31 UTC",34.0995,-118.0271,2.0,7.60,86
ak,00025070,1,"Saturday, January 19, 2008 10:16:18 UTC",63.2796,-152.4446,1.5,15.00,04
ci,14343632,1,"Saturday, January 19, 2008 10:12:12 UTC",33.4070,-116.6641,1.6,10.70,24
nc,51194908,1,"Saturday, January 19, 2008 10:05:45 UTC",38.8185,-122.8108,1.1,2.00,15
us,2008mjat,6,"Saturday, January 19, 2008 09:43:19 UTC",-8.0576,119.9486,4.7,191.80,14
nc,51194907,1,"Saturday, January 19, 2008 09:42:35 UTC",36.7145,-121.3470,1.4,5.30,12
hv,00027562,0,"Saturday, January 19, 2008 09:36:32 UTC",19.5243,-155.4072,1.7,1.80,00
mb,15246,1,"Saturday, January 19, 2008 09:16:10 UTC",46.7148,-112.3241,1.7,12.80,16
ak,00025068,1,"Saturday, January 19, 2008 09:01:32 UTC",63.5101,-149.3321,1.5,87.30,04
nc,51194903,1,"Saturday, January 19, 2008 08:47:14 UTC",39.9425,-123.3155,1.7,0.00,19
nc,51194902,1,"Saturday, January 19, 2008 08:18:08 UTC",38.8277,-122.8093,1.5,2.30,16
nc,51194901,1,"Saturday, January 19, 2008 08:16:56 UTC",38.8280,-122.8105,1.6,2.40,20
nc,51194900,1,"Saturday, January 19, 2008 07:39:37 UTC",36.6868,-121.3275,1.6,1.60,15
us,2008mjaq,Q,"Saturday, January 19, 2008 07:32:30 UTC",51.3746,98.0551,4.8,10.00,60
nc,51194899,1,"Saturday, January 19, 2008 07:21:28 UTC",38.8213,-122.8143,1.0,3.80,17
nc,51194898,1,"Saturday, January 19, 2008 07:16:37 UTC",40.4760,-121.5407,2.2,6.60,24
nc,51194896,1,"Saturday, January 19, 2008 06:51:39 UTC",38.8293,-122.8088,1.9,2.20,21
uw,01190634,1,"Saturday, January 19, 2008 06:34:09 UTC",46.1991,-122.1958,1.2,2.80, 9
ak,00025066,1,"Saturday, January 19, 2008 06:24:52 UTC",63.4923,-151.2344,1.8,0.00,12
pr,p0801901,1,"Saturday, January 19, 2008 05:57:32 UTC",18.5953,-63.9997,3.3,58.00,12
us,2008mjal,Q,"Saturday, January 19, 2008 05:55:04 UTC",20.9741,121.4061,4.2,10.00,13
ci,14343624,1,"Saturday, January 19, 2008 05:54:17 UTC",32.8376,-115.6411,1.3,13.20,21
ci,14343620,1,"Saturday, January 19, 2008 05:38:02 UTC",32.5258,-115.6395,1.8,1.20,16
ak,00025063,1,"Saturday, January 19, 2008 05:14:38 UTC",63.1419,-150.6558,1.5,30.70,11
ci,14343616,1,"Saturday, January 19, 2008 04:52:19 UTC",32.9266,-116.7845,1.5,3.90,17
ci,14343612,1,"Saturday, January 19, 2008 04:12:53 UTC",34.6213,-116.5778,1.5,8.80,28
ak,00025058,1,"Saturday, January 19, 2008 04:08:33 UTC",62.6333,-151.2496,2.3,79.40,18
nc,51194887,1,"Saturday, January 19, 2008 02:49:10 UTC",36.6828,-121.3098,1.5,3.00,13
ci,14343600,1,"Saturday, January 19, 2008 02:22:50 UTC",33.3478,-116.2205,1.4,9.70,66
ak,00025053,1,"Saturday, January 19, 2008 01:56:28 UTC",61.9694,-151.7607,2.1,99.90,22
ak,00025051,1,"Saturday, January 19, 2008 01:39:37 UTC",60.5475,-149.6988,1.6,30.30,05
hv,00027561,0,"Saturday, January 19, 2008 01:06:14 UTC",19.3258,-155.1955,1.7,4.70,00
us,2008mjac,7,"Saturday, January 19, 2008 00:50:28 UTC",0.9412,126.0807,4.8,10.00,24
ci,14343596,1,"Saturday, January 19, 2008 00:42:32 UTC",35.3441,-118.5736,2.1,10.80,23
ak,00025012,1,"Saturday, January 19, 2008 00:37:42 UTC",51.5912,-178.4612,3.0,37.30,07
nn,00230123,1,"Saturday, January 19, 2008 00:36:08 UTC",39.5650,-115.9800,2.1,0.00, 9
ak,00025011,1,"Saturday, January 19, 2008 00:17:21 UTC",64.9628,-147.3384,1.5,0.40,06
nc,51194882,1,"Saturday, January 19, 2008 00:11:38 UTC",39.4505,-123.1007,1.9,14.00,20
ak,00025010,1,"Saturday, January 19, 2008 00:11:25 UTC",60.7665,-150.7345,1.9,64.20,07
ci,14343588,1,"Saturday, January 19, 2008 00:10:37 UTC",32.7128,-116.0576,1.4,11.90,11
nc,51194881,1,"Friday, January 18, 2008 23:59:33 UTC",38.8323,-122.8087,1.2,2.40,15
us,2008mibh,7,"Friday, January 18, 2008 23:46:55 UTC",-15.1114,-74.6627,4.8,54.90,77
ci,14343580,1,"Friday, January 18, 2008 23:41:54 UTC",35.3455,-118.5655,1.5,9.70,17
us,2008miba,Q,"Friday, January 18, 2008 22:21:49 UTC",11.5378,141.3174,5.0,37.30,81
nc,51194879,1,"Friday, January 18, 2008 22:18:57 UTC",40.8465,-122.3948,1.8,3.20, 8
nc,51194877,1,"Friday, January 18, 2008 21:54:08 UTC",38.8255,-122.8307,1.3,2.70,15
us,2008mia6,Q,"Friday, January 18, 2008 21:33:01 UTC",-23.6151,-66.6608,4.3,193.50,29
pr,p0801803,1,"Friday, January 18, 2008 21:20:58 UTC",18.4697,-64.4223,3.0,96.80,07
nc,51194874,1,"Friday, January 18, 2008 20:58:17 UTC",38.8215,-122.7798,1.0,1.20,17
uu,01182056,2,"Friday, January 18, 2008 20:55:16 UTC",39.6253,-110.4300,2.2,1.60,23
uw,01182043,1,"Friday, January 18, 2008 20:43:09 UTC",45.6525,-119.9731,2.2,0.50,12
ak,00024946,1,"Friday, January 18, 2008 20:35:31 UTC",58.9665,-154.6636,2.1,15.80,06
pr,p0801801,1,"Friday, January 18, 2008 20:24:08 UTC",18.4983,-66.4073,3.0,121.40,26
ak,00024945,1,"Friday, January 18, 2008 20:23:37 UTC",62.5790,-150.9922,2.7,16.30,06
ak,00024940,1,"Friday, January 18, 2008 19:34:45 UTC",63.3865,-145.7638,1.1,0.00,04
us,2008miay,Q,"Friday, January 18, 2008 19:31:12 UTC",-20.8747,-179.1888,5.1,640.60,151
ci,14343560,1,"Friday, January 18, 2008 19:19:31 UTC",33.5910,-116.9451,2.1,7.00,11
us,2008miau,Q,"Friday, January 18, 2008 19:18:51 UTC",37.9987,73.1522,4.7,61.60,44
us,2008miaw,Q,"Friday, January 18, 2008 19:18:15 UTC",22.0332,144.4855,4.8,31.70,59
ak,00024935,1,"Friday, January 18, 2008 19:07:49 UTC",59.9722,-151.7130,2.2,20.80,07
uu,01181902,2,"Friday, January 18, 2008 19:02:21 UTC",39.6187,-110.4240,1.6,1.90,11
nc,51194871,1,"Friday, January 18, 2008 18:35:06 UTC",35.7508,-120.3037,1.1,11.70,11
ak,00024933,1,"Friday, January 18, 2008 18:23:18 UTC",61.5037,-146.7221,2.1,27.30,13
us,2008miav,Q,"Friday, January 18, 2008 18:20:28 UTC",21.8098,145.4807,4.6,35.00,47
ak,00024931,1,"Friday, January 18, 2008 17:44:10 UTC",63.4945,-151.3388,1.0,7.60,05
nc,51194864,1,"Friday, January 18, 2008 17:36:38 UTC",37.3743,-121.7313,1.3,7.00,20
nn,00230073,2,"Friday, January 18, 2008 17:29:28 UTC",39.3100,-119.9580,1.2,6.80,22
nn,00230070,2,"Friday, January 18, 2008 17:27:52 UTC",39.3110,-119.9600,2.2,8.30,34
ci,14343552,1,"Friday, January 18, 2008 17:16:33 UTC",36.1188,-117.8706,1.8,2.20,36
ak,00024928,1,"Friday, January 18, 2008 16:47:53 UTC",59.4936,-152.9192,2.7,87.30,31
nc,51194861,1,"Friday, January 18, 2008 16:31:57 UTC",37.4683,-118.6160,1.6,16.80,17
nc,51194860,1,"Friday, January 18, 2008 16:24:19 UTC",35.7963,-120.3518,2.9,10.40,110
nc,51194856,1,"Friday, January 18, 2008 15:50:22 UTC",38.5013,-122.7285,2.1,4.90,27
ci,14343528,1,"Friday, January 18, 2008 15:42:17 UTC",33.6536,-116.6768,1.9,7.00,25
ak,00024921,1,"Friday, January 18, 2008 15:37:44 UTC",61.7522,-146.7416,2.5,19.10,20
nc,51194855,1,"Friday, January 18, 2008 15:29:27 UTC",37.8475,-121.7853,1.7,16.70,17
nc,51194854,1,"Friday, January 18, 2008 15:20:28 UTC",38.8143,-122.7945,2.3,0.00,42
ci,14343524,1,"Friday, January 18, 2008 15:18:18 UTC",35.9850,-117.3151,1.3,9.00,15
nn,00230058,1,"Friday, January 18, 2008 14:54:45 UTC",39.3310,-119.8290,1.1,8.00, 9
ci,14343512,1,"Friday, January 18, 2008 14:47:41 UTC",34.3323,-118.4800,1.8,11.50,18
ak,00024920,1,"Friday, January 18, 2008 14:43:07 UTC",59.3735,-151.5358,2.4,36.90,08
hv,00027560,0,"Friday, January 18, 2008 14:08:11 UTC",19.4118,-155.3200,2.1,5.20,00
nc,51194851,1,"Friday, January 18, 2008 14:07:33 UTC",37.6435,-118.9683,1.2,7.00,16
nc,51194850,1,"Friday, January 18, 2008 14:07:14 UTC",37.6623,-118.9465,1.1,1.20, 8
nn,00230057,1,"Friday, January 18, 2008 13:04:13 UTC",38.2980,-118.7810,1.4,0.00,19
ak,00024915,1,"Friday, January 18, 2008 12:50:11 UTC",65.0320,-147.9165,1.3,0.10,04
nc,51194846,1,"Friday, January 18, 2008 12:38:20 UTC",35.7963,-120.3512,2.9,10.70,95
nc,51194844,1,"Friday, January 18, 2008 12:25:59 UTC",36.6943,-121.3267,1.3,3.50,13
ak,00024913,1,"Friday, January 18, 2008 12:03:11 UTC",63.2021,-151.3818,1.3,16.30,07
us,2008miap,6,"Friday, January 18, 2008 11:34:40 UTC",25.2036,140.8463,5.4,188.90,124
ci,14343484,1,"Friday, January 18, 2008 11:21:22 UTC",34.0805,-118.2670,1.7,7.50,24
uu,01181109,2,"Friday, January 18, 2008 11:08:29 UTC",39.6255,-110.4268,2.2,1.80,22
ci,14343480,1,"Friday, January 18, 2008 10:54:43 UTC",36.1001,-117.8761,1.4,4.20,32
ak,00024905,1,"Friday, January 18, 2008 10:52:31 UTC",50.9929,-178.7632,3.4,9.80,19
nn,00230044,1,"Friday, January 18, 2008 10:26:34 UTC",39.3690,-119.9600,1.2,8.00,16
ak,00024904,1,"Friday, January 18, 2008 10:18:13 UTC",51.6125,-178.8902,2.8,60.10,09
ci,14343464,1,"Friday, January 18, 2008 09:52:28 UTC",32.6665,-115.3776,2.8,16.20,36
ak,00024902,1,"Friday, January 18, 2008 09:38:31 UTC",51.8298,-178.6810,2.9,0.10,04
ak,00024897,1,"Friday, January 18, 2008 09:33:24 UTC",50.9749,-178.8117,3.9,0.10,24
us,2008mial,7,"Friday, January 18, 2008 09:28:19 UTC",51.2443,-178.8917,4.9,28.20,143
ci,14343460,1,"Friday, January 18, 2008 09:25:26 UTC",34.0293,-116.8040,1.2,14.90,47
ci,14343456,1,"Friday, January 18, 2008 09:08:58 UTC",32.6573,-115.3326,1.9,12.70,13
ci,14343452,1,"Friday, January 18, 2008 09:08:04 UTC",32.6676,-115.3823,2.6,10.50,40
ak,00024891,1,"Friday, January 18, 2008 09:05:31 UTC",63.2138,-150.3998,1.3,100.00,14
ci,14343448,1,"Friday, January 18, 2008 08:31:23 UTC",35.3508,-118.5803,1.8,9.60,26
ci,14343444,1,"Friday, January 18, 2008 08:31:07 UTC",35.3471,-118.5650,1.7,9.60,19
ci,14343440,1,"Friday, January 18, 2008 08:28:03 UTC",33.4735,-116.5765,1.6,13.80,23
nc,51194837,1,"Friday, January 18, 2008 08:22:06 UTC",38.8217,-122.8180,1.4,2.50,16
ci,14343436,1,"Friday, January 18, 2008 08:11:33 UTC",35.3410,-118.5758,1.9,12.90,19
ci,14343432,1,"Friday, January 18, 2008 08:10:50 UTC",35.9445,-117.6881,2.2,3.70,35
ak,00024885,1,"Friday, January 18, 2008 08:10:05 UTC",66.3740,-148.9431,2.1,35.40,04
us,2008miaj,Q,"Friday, January 18, 2008 08:08:08 UTC",-20.8181,-178.9340,4.6,585.90,75
hv,00027557,0,"Friday, January 18, 2008 07:43:11 UTC",19.5462,-155.6125,2.0,7.40,00
ak,00024883,1,"Friday, January 18, 2008 07:33:04 UTC",61.5081,-151.7374,1.9,95.80,07
nc,51194833,1,"Friday, January 18, 2008 07:31:01 UTC",35.6003,-120.7117,2.3,0.00,64
ak,00024882,1,"Friday, January 18, 2008 07:15:00 UTC",51.3232,-178.4973,3.4,35.30,17
ak,00024875,1,"Friday, January 18, 2008 06:45:59 UTC",64.6023,-147.2683,1.0,5.00,05
ak,00024876,1,"Friday, January 18, 2008 06:43:46 UTC",60.9871,-149.1891,1.6,26.90,04
ak,00024873,1,"Friday, January 18, 2008 06:24:20 UTC",63.5204,-146.6606,2.1,0.00,17
ak,00024870,2,"Friday, January 18, 2008 06:12:05 UTC",52.3043,-167.9002,2.1,7.00,07
hv,00027556,0,"Friday, January 18, 2008 05:36:01 UTC",19.3378,-155.1145,2.9,8.10,00
us,2008mian,R,"Friday, January 18, 2008 05:27:07 UTC",9.8873,57.4430,4.5,10.00,19
nc,51194831,1,"Friday, January 18, 2008 05:13:34 UTC",37.3878,-121.7438,2.5,7.00,108
uu,01180505,2,"Friday, January 18, 2008 05:04:05 UTC",39.6248,-110.4257,2.3,1.60,23
ci,14343400,1,"Friday, January 18, 2008 04:47:12 UTC",34.4695,-118.4590,1.7,10.30,29
nc,51194829,1,"Friday, January 18, 2008 04:35:20 UTC",38.8105,-122.7810,1.3,1.60,16
ci,14343396,1,"Friday, January 18, 2008 04:26:50 UTC",33.6974,-118.1223,1.3,0.00,23
nc,51194828,1,"Friday, January 18, 2008 04:23:30 UTC",39.9448,-123.3417,2.2,8.60,21
ci,14343392,1,"Friday, January 18, 2008 04:11:49 UTC",35.9488,-117.6748,1.6,3.80,27
ci,14343384,1,"Friday, January 18, 2008 03:45:43 UTC",33.3391,-116.2118,1.4,8.10,49
ak,00024864,1,"Friday, January 18, 2008 03:42:24 UTC",64.6425,-149.3964,2.1,19.50,14
ak,00024861,1,"Friday, January 18, 2008 03:27:35 UTC",63.7522,-148.9032,1.0,97.00,12
ci,14343376,1,"Friday, January 18, 2008 03:07:25 UTC",33.3475,-116.4101,1.0,13.50,44
us,2008mibi,Q,"Friday, January 18, 2008 03:00:47 UTC",23.9243,121.5081,4.0,10.00, 5
nc,51194826,1,"Friday, January 18, 2008 02:49:13 UTC",38.8298,-122.7577,1.4,1.20,17
ak,00024859,1,"Friday, January 18, 2008 02:35:56 UTC",62.1888,-145.8031,2.8,0.10,14
uu,01180235,2,"Friday, January 18, 2008 02:35:02 UTC",39.4267,-111.2135,1.3,3.50, 9
us,2008miah,Q,"Friday, January 18, 2008 02:13:03 UTC",-22.0088,-179.4794,4.3,551.50,34
hv,00027554,0,"Friday, January 18, 2008 02:07:47 UTC",19.4362,-155.3687,2.1,5.40,00
ci,14343372,M,"Friday, January 18, 2008 02:06:09 UTC",34.8838,-118.9708,2.8,7.10,100
uu,01180146,2,"Friday, January 18, 2008 01:46:48 UTC",39.6193,-110.4253,1.5,2.00,12
ak,00024855,1,"Friday, January 18, 2008 01:46:11 UTC",64.8973,-148.5323,1.1,15.20,07
ak,00024852,1,"Friday, January 18, 2008 01:39:23 UTC",63.2341,-150.4461,1.8,100.00,21
uw,01180138,1,"Friday, January 18, 2008 01:38:01 UTC",46.1974,-122.1991,1.0,1.40, 7
uu,01180128,2,"Friday, January 18, 2008 01:28:24 UTC",39.4195,-111.2003,1.5,2.60, 9
nc,51194821,1,"Friday, January 18, 2008 01:20:01 UTC",38.8405,-122.8327,1.0,2.20,10
ak,00024850,1,"Friday, January 18, 2008 01:07:48 UTC",61.9438,-151.1744,2.1,7.40,15
ci,14343368,M,"Friday, January 18, 2008 00:34:53 UTC",33.0286,-114.8355,1.9,17.40,07
ak,00024849,1,"Friday, January 18, 2008 00:23:52 UTC",53.0742,-168.6806,2.8,15.50,05
ak,00024845,1,"Friday, January 18, 2008 00:05:35 UTC",64.8453,-148.7589,1.2,21.50,04
ak,00025050,2,"Thursday, January 17, 2008 23:52:17 UTC",61.4498,-150.2672,1.5,53.10,11
ak,00024810,2,"Thursday, January 17, 2008 23:41:27 UTC",64.7931,-148.6392,1.0,16.10,07
us,2008mha8,8,"Thursday, January 17, 2008 23:07:02 UTC",38.1566,100.1856,4.7,11.70,27
ak,00024809,2,"Thursday, January 17, 2008 22:48:39 UTC",58.1959,-154.1089,3.1,69.40,36
ak,00025047,2,"Thursday, January 17, 2008 22:45:28 UTC",62.9120,-151.2788,1.7,107.40,09
ak,00025046,2,"Thursday, January 17, 2008 22:34:56 UTC",54.4435,-161.5554,2.5,13.20,09
nc,51194815,1,"Thursday, January 17, 2008 22:24:00 UTC",38.8365,-122.8302,1.4,2.20,16
uu,01172216,2,"Thursday, January 17, 2008 22:15:03 UTC",38.9898,-111.3947,2.3,7.70,19
nn,00229985,1,"Thursday, January 17, 2008 22:00:39 UTC",35.9959,-115.1620,2.3,0.00,29
nc,51194812,1,"Thursday, January 17, 2008 22:00:17 UTC",36.6797,-121.3052,2.0,3.10,14
us,2008mha4,6,"Thursday, January 17, 2008 22:00:14 UTC",34.8732,-113.9624,2.9,5.00, 9
ci,14343352,M,"Thursday, January 17, 2008 21:58:01 UTC",36.0480,-117.8080,1.9,2.70,21
nc,51194811,1,"Thursday, January 17, 2008 21:50:02 UTC",36.5425,-121.1347,1.9,8.70,28
ci,14343348,M,"Thursday, January 17, 2008 21:46:17 UTC",33.9059,-116.3441,1.6,6.00,09
nc,51194809,1,"Thursday, January 17, 2008 21:23:59 UTC",38.8285,-122.7773,1.1,0.90,16
nc,51194808,1,"Thursday, January 17, 2008 21:00:59 UTC",38.8453,-122.8343,1.0,0.40, 9
nn,00229981,1,"Thursday, January 17, 2008 20:54:59 UTC",36.1380,-115.2310,1.6,8.00,18
nn,00229979,1,"Thursday, January 17, 2008 20:51:31 UTC",38.6170,-117.1650,2.0,0.00,11
hv,00027551,0,"Thursday, January 17, 2008 20:49:06 UTC",19.8677,-155.8397,1.9,35.10,00
ci,14343336,M,"Thursday, January 17, 2008 20:30:38 UTC",35.7410,-118.0310,1.4,3.10,16
ak,00024761,2,"Thursday, January 17, 2008 20:13:23 UTC",63.4606,-147.8954,1.1,7.30,09
uu,00011910,5,"Thursday, January 17, 2008 19:59:19 UTC",40.7283,-111.7683,1.3,1.00,17
nc,51194807,1,"Thursday, January 17, 2008 19:54:32 UTC",36.8500,-122.0422,1.9,17.70,26
us,2008mhay,Q,"Thursday, January 17, 2008 19:46:45 UTC",67.9337,-136.2801,5.2,10.00,198
ci,14343328,M,"Thursday, January 17, 2008 19:36:29 UTC",35.2153,-117.4050,1.9,6.00,29
ak,00025043,2,"Thursday, January 17, 2008 19:08:28 UTC",54.4548,-161.4837,2.3,12.50,05
nc,51194802,1,"Thursday, January 17, 2008 18:52:09 UTC",36.2380,-120.7942,2.4,8.00,57
ak,00025042,2,"Thursday, January 17, 2008 18:50:59 UTC",63.5210,-146.6875,1.2,0.70,11
ak,00024754,2,"Thursday, January 17, 2008 18:17:57 UTC",51.0361,-179.5094,3.1,4.80,08
ak,00025040,2,"Thursday, January 17, 2008 18:11:44 UTC",52.3706,-167.9591,2.3,26.10,09
ak,00025039,2,"Thursday, January 17, 2008 18:10:48 UTC",54.4424,-161.4600,2.7,12.30,09
ci,14343308,M,"Thursday, January 17, 2008 18:04:28 UTC",35.4160,-118.6530,1.5,8.50,16
nc,51194800,1,"Thursday, January 17, 2008 17:51:18 UTC",38.8260,-122.8278,1.2,2.20,13
ci,14343300,M,"Thursday, January 17, 2008 17:32:33 UTC",34.6388,-117.1138,1.6,0.00,09
us,2008mha2,Q,"Thursday, January 17, 2008 17:25:17 UTC",-3.1013,100.9549,4.8,49.80,27
ci,14343296,M,"Thursday, January 17, 2008 17:12:37 UTC",36.0146,-117.7978,1.2,6.00,09
ak,00024752,2,"Thursday, January 17, 2008 17:09:10 UTC",53.9075,-163.5602,3.0,25.60,25
nn,00229959,1,"Thursday, January 17, 2008 16:48:43 UTC",37.2960,-117.5090,1.3,0.00,16
us,2008mhau,R,"Thursday, January 17, 2008 15:39:16 UTC",52.9831,159.3444,5.2,68.00,136
nc,51194796,1,"Thursday, January 17, 2008 15:13:54 UTC",38.7675,-122.7390,2.3,1.20,34
ak,00024746,2,"Thursday, January 17, 2008 14:40:55 UTC",62.4053,-149.1145,1.4,1.80,22
ak,00025036,2,"Thursday, January 17, 2008 14:24:08 UTC",62.2550,-145.8313,1.5,9.60,09
ak,00024744,2,"Thursday, January 17, 2008 14:05:37 UTC",63.4959,-146.0148,2.2,8.40,26
uu,01171356,2,"Thursday, January 17, 2008 13:56:23 UTC",39.6747,-110.4907,1.5,1.80,11
pr,p0801702,1,"Thursday, January 17, 2008 13:53:11 UTC",18.8295,-64.2327,3.0,36.40,09
ak,00024738,2,"Thursday, January 17, 2008 13:20:10 UTC",62.1235,-151.3716,1.8,77.50,21
ci,14343288,M,"Thursday, January 17, 2008 13:07:36 UTC",33.1183,-116.8150,1.1,15.50,16
nc,51194795,1,"Thursday, January 17, 2008 12:51:07 UTC",37.4940,-121.7997,1.0,9.50,11
ak,00025030,2,"Thursday, January 17, 2008 12:49:31 UTC",55.1857,-135.2735,3.1,25.00,08
nn,00229950,1,"Thursday, January 17, 2008 12:30:25 UTC",37.2960,-117.5090,1.4,0.00,11
ak,00024736,2,"Thursday, January 17, 2008 12:24:10 UTC",63.5192,-146.6786,2.4,2.50,33
ak,00025028,2,"Thursday, January 17, 2008 11:57:01 UTC",64.8522,-149.1618,1.0,14.30,16
uu,01171148,2,"Thursday, January 17, 2008 11:48:30 UTC",39.6800,-110.4862,1.2,2.20,11
nc,51194792,1,"Thursday, January 17, 2008 11:46:01 UTC",38.8155,-122.8165,1.5,2.70,19
nc,51194791,1,"Thursday, January 17, 2008 11:25:55 UTC",38.8232,-122.8263,2.3,2.30,34
ci,14343280,M,"Thursday, January 17, 2008 11:14:34 UTC",33.6855,-116.7818,1.0,17.80,40
nc,51194790,1,"Thursday, January 17, 2008 11:02:41 UTC",35.5913,-120.7975,1.8,7.50,10
ci,14343276,M,"Thursday, January 17, 2008 10:35:54 UTC",33.7184,-116.8415,1.8,16.80,60
uu,01171031,2,"Thursday, January 17, 2008 10:31:31 UTC",42.4635,-111.2065,1.2,1.00,24
nc,51194788,1,"Thursday, January 17, 2008 10:15:41 UTC",38.4198,-122.4328,1.9,4.20,26
ak,00024734,2,"Thursday, January 17, 2008 09:09:24 UTC",63.2115,-145.0147,1.6,0.40,15
uu,01170835,2,"Thursday, January 17, 2008 08:35:22 UTC",39.6732,-110.4858,1.1,2.50, 9
ak,00025025,2,"Thursday, January 17, 2008 08:16:13 UTC",52.0685,-165.7071,2.6,20.10,09
nc,51194784,1,"Thursday, January 17, 2008 08:05:21 UTC",38.7657,-122.7193,1.4,2.30,10
us,2008mhak,6,"Thursday, January 17, 2008 07:18:44 UTC",43.9431,84.1253,4.6,10.00,11
us,2008mhai,7,"Thursday, January 17, 2008 07:09:56 UTC",32.3152,85.1014,4.6,10.00,26
ci,14343272,M,"Thursday, January 17, 2008 07:07:06 UTC",35.3596,-118.5698,1.5,5.90,07
uw,01170659,1,"Thursday, January 17, 2008 06:59:12 UTC",46.1938,-122.1904,1.2,0.00, 4
nc,51194782,1,"Thursday, January 17, 2008 06:59:05 UTC",39.4835,-122.9665,2.6,10.20,21
nn,00229945,1,"Thursday, January 17, 2008 06:42:09 UTC",37.8290,-115.4710,1.8,0.00,35
uu,01170636,2,"Thursday, January 17, 2008 06:36:46 UTC",39.4267,-111.2135,1.5,4.80, 9
us,2008mhaj,7,"Thursday, January 17, 2008 06:25:44 UTC",43.7115,84.3128,4.8,12.30,35
nc,51194781,1,"Thursday, January 17, 2008 06:23:45 UTC",37.4158,-121.7658,1.9,6.70,56
nc,51194780,1,"Thursday, January 17, 2008 06:18:35 UTC",37.4668,-118.7338,1.7,3.70,18
nc,51194779,1,"Thursday, January 17, 2008 06:09:09 UTC",36.5537,-121.1485,2.3,8.60,60
ci,14343264,O,"Thursday, January 17, 2008 06:04:46 UTC",33.3290,-116.3140,1.1,5.50,21
ci,14343260,M,"Thursday, January 17, 2008 06:00:03 UTC",35.9508,-117.2981,1.5,6.80,14
ci,14343256,M,"Thursday, January 17, 2008 05:55:55 UTC",35.9513,-117.3043,1.4,6.60,12
ak,00024731,2,"Thursday, January 17, 2008 05:55:42 UTC",66.6874,-147.3137,2.5,15.00,15
uu,01170544,2,"Thursday, January 17, 2008 05:44:49 UTC",39.4237,-111.2200,1.5,2.50,10
ci,14343248,M,"Thursday, January 17, 2008 05:40:41 UTC",35.9558,-117.3006,2.1,5.10,28
ci,14343244,M,"Thursday, January 17, 2008 05:26:23 UTC",35.9515,-117.3058,1.1,5.30,13
ci,14343240,M,"Thursday, January 17, 2008 05:15:02 UTC",35.9555,-117.3048,2.1,4.40,29
ak,00024730,2,"Thursday, January 17, 2008 05:14:21 UTC",63.2901,-151.5244,1.6,11.80,11
nc,51194776,1,"Thursday, January 17, 2008 05:11:07 UTC",39.4743,-122.9630,2.2,10.50,14
uu,01170502,2,"Thursday, January 17, 2008 05:02:27 UTC",39.4272,-111.2163,1.5,3.60,10
ci,14343236,M,"Thursday, January 17, 2008 04:56:22 UTC",35.3823,-118.5805,1.2,11.30,11
nc,51194775,1,"Thursday, January 17, 2008 04:12:40 UTC",35.5357,-120.8547,1.5,6.30,18
ak,00025021,2,"Thursday, January 17, 2008 04:07:14 UTC",63.9560,-145.7148,1.3,4.10,11
ak,00025020,2,"Thursday, January 17, 2008 04:02:08 UTC",61.7318,-150.7854,1.2,65.40,08
nc,51194774,1,"Thursday, January 17, 2008 03:59:44 UTC",36.7135,-121.3462,1.5,5.30,10
ak,00024728,2,"Thursday, January 17, 2008 03:11:43 UTC",61.2932,-146.8970,2.1,14.80,31
us,2008mhaf,Q,"Thursday, January 17, 2008 03:04:13 UTC",24.5252,122.0395,4.2,10.00, 7
uw,01170256,1,"Thursday, January 17, 2008 02:56:39 UTC",46.8510,-121.7566,1.1,2.40,13
uu,01170253,2,"Thursday, January 17, 2008 02:53:40 UTC",39.4200,-111.2297,1.6,4.60,15
ak,00025018,2,"Thursday, January 17, 2008 02:44:34 UTC",61.5267,-146.6544,1.4,17.30,14
uu,01170239,2,"Thursday, January 17, 2008 02:39:37 UTC",39.4272,-111.2223,1.5,3.70,12
ak,00025017,2,"Thursday, January 17, 2008 02:39:29 UTC",62.9399,-150.6208,1.2,92.10,10
ak,00025016,2,"Thursday, January 17, 2008 02:38:05 UTC",61.4656,-152.0196,1.4,92.70,12
ak,00025015,2,"Thursday, January 17, 2008 02:30:47 UTC",59.5753,-152.7539,1.8,100.00,12
uu,01170220,2,"Thursday, January 17, 2008 02:20:41 UTC",38.9995,-111.3953,1.6,16.20, 9
nc,51194768,1,"Thursday, January 17, 2008 02:10:55 UTC",38.8338,-122.8283,1.2,3.00,13
uu,01170208,2,"Thursday, January 17, 2008 02:08:21 UTC",38.9898,-111.3933,1.6,7.40,16
uw,01170132,1,"Thursday, January 17, 2008 01:32:47 UTC",48.2283,-121.6536,2.1,4.00,27
uu,01170117,2,"Thursday, January 17, 2008 01:17:44 UTC",44.7600,-110.4455,1.1,2.00,10
ci,14343216,M,"Thursday, January 17, 2008 01:07:58 UTC",33.0381,-115.5771,1.5,16.00,33
uw,01170039,1,"Thursday, January 17, 2008 00:39:37 UTC",48.8035,-122.1149,1.5,2.90,15
us,2008mhad,Q,"Thursday, January 17, 2008 00:36:45 UTC",32.3799,85.0403,4.2,37.90,23
uu,01170013,2,"Thursday, January 17, 2008 00:13:54 UTC",39.4273,-111.2168,1.7,3.40, 9
ak,00024669,2,"Thursday, January 17, 2008 00:11:01 UTC",64.9910,-147.3325,1.1,0.00,07
ak,00024666,2,"Wednesday, January 16, 2008 23:53:31 UTC",51.6612,-173.0535,4.0,147.90,22
us,2008mgbh,T,"Wednesday, January 16, 2008 23:47:31 UTC",9.7240,-72.6490,4.7,168.50,111
ak,00024665,2,"Wednesday, January 16, 2008 23:38:24 UTC",63.4664,-145.9884,1.3,11.10,12
us,2008mgbj,Q,"Wednesday, January 16, 2008 23:34:52 UTC",-16.7020,-72.5723,4.4,81.20,22
nn,00229910,1,"Wednesday, January 16, 2008 23:28:50 UTC",37.1230,-116.3020,1.1,0.00,10
nc,51194766,1,"Wednesday, January 16, 2008 23:15:58 UTC",38.8235,-122.7982,1.3,3.60,19
nc,51194764,1,"Wednesday, January 16, 2008 22:48:32 UTC",38.7512,-122.7010,1.0,2.30,10
ak,00024663,2,"Wednesday, January 16, 2008 22:42:55 UTC",60.5758,-151.8438,2.2,74.00,30
uu,01162241,2,"Wednesday, January 16, 2008 22:41:53 UTC",39.5910,-110.3805,1.7,1.30,12
uw,01162226,1,"Wednesday, January 16, 2008 22:26:46 UTC",44.0649,-121.8653,1.8,0.00, 5
nc,51194761,1,"Wednesday, January 16, 2008 22:25:40 UTC",37.4698,-118.7308,1.4,4.90,16
uu,01162222,2,"Wednesday, January 16, 2008 22:22:03 UTC",39.4197,-111.2238,1.4,3.20,17
nc,51194758,1,"Wednesday, January 16, 2008 22:17:39 UTC",38.7427,-122.6967,1.0,2.30,10
ci,14343208,M,"Wednesday, January 16, 2008 22:15:17 UTC",34.4376,-116.2038,1.9,7.30,34
ci,14343204,O,"Wednesday, January 16, 2008 22:10:02 UTC",32.7685,-115.4431,1.7,13.20,17
uu,01162142,2,"Wednesday, January 16, 2008 21:42:47 UTC",42.3922,-111.6267,1.5,14.40, 7
ak,00025004,2,"Wednesday, January 16, 2008 21:37:14 UTC",59.5623,-153.4685,2.1,122.90,19
pr,p0801604,1,"Wednesday, January 16, 2008 21:27:34 UTC",19.0280,-64.5055,3.0,72.70,10
nc,51194756,1,"Wednesday, January 16, 2008 21:21:07 UTC",38.8170,-122.8247,1.5,2.90,20
ak,00024659,3,"Wednesday, January 16, 2008 21:07:47 UTC",52.7551,-167.6314,3.2,28.00,18
ak,00024658,2,"Wednesday, January 16, 2008 21:04:35 UTC",63.9071,-148.9349,1.0,9.30,09
nc,51194754,1,"Wednesday, January 16, 2008 21:01:52 UTC",38.7518,-122.7052,1.2,1.30,11
nn,00229865,1,"Wednesday, January 16, 2008 21:00:43 UTC",39.4129,-119.6490,1.6,0.00,13
nc,51194753,2,"Wednesday, January 16, 2008 21:00:17 UTC",38.7570,-122.7040,2.8,1.00,71
ak,00025001,2,"Wednesday, January 16, 2008 20:43:08 UTC",57.3879,-154.7691,1.8,10.50,07
uu,01162037,2,"Wednesday, January 16, 2008 20:37:18 UTC",44.8648,-111.4237,1.1,12.90,20
ak,00024657,2,"Wednesday, January 16, 2008 20:34:36 UTC",63.4903,-151.3467,1.7,1.00,12
nc,51194749,1,"Wednesday, January 16, 2008 20:20:41 UTC",36.6432,-121.2317,1.3,7.00, 8
ci,14343200,Q,"Wednesday, January 16, 2008 19:56:56 UTC",34.0563,-117.2645,1.4,18.10,19
uu,01161957,2,"Wednesday, January 16, 2008 19:55:20 UTC",38.9838,-111.3932,1.4,2.30,11
uu,01161947,2,"Wednesday, January 16, 2008 19:47:12 UTC",39.4207,-111.2198,2.0,2.40, 8
ak,00024655,2,"Wednesday, January 16, 2008 19:08:54 UTC",60.9486,-150.6229,1.9,51.90,15
nc,51194743,1,"Wednesday, January 16, 2008 18:55:59 UTC",37.6335,-118.9053,1.1,2.10, 9
ci,14343188,M,"Wednesday, January 16, 2008 18:38:20 UTC",33.7371,-117.4901,1.7,14.30,25
nc,51194740,1,"Wednesday, January 16, 2008 18:36:55 UTC",37.3253,-122.1103,1.5,0.00,11
ak,00024653,2,"Wednesday, January 16, 2008 18:36:22 UTC",63.2605,-151.1742,1.7,5.00,10
uu,01161833,2,"Wednesday, January 16, 2008 18:33:30 UTC",40.7272,-111.7585,1.4,1.60, 5
ak,00024997,2,"Wednesday, January 16, 2008 18:32:46 UTC",61.7211,-150.6986,1.5,57.60,12
uu,01161830,2,"Wednesday, January 16, 2008 18:30:31 UTC",39.4185,-111.2265,1.6,4.40,16
ak,00024651,2,"Wednesday, January 16, 2008 18:20:46 UTC",60.9353,-146.1068,2.6,18.30,27
ak,00024650,3,"Wednesday, January 16, 2008 18:09:54 UTC",62.1749,-145.7988,1.8,10.00,12
ak,00024649,2,"Wednesday, January 16, 2008 18:00:46 UTC",61.5189,-152.2330,1.8,104.00,21
ci,14343180,M,"Wednesday, January 16, 2008 17:32:28 UTC",34.8581,-118.7763,1.4,0.00,08
nc,51194738,1,"Wednesday, January 16, 2008 17:26:33 UTC",38.7718,-122.7503,1.3,0.30,13
nc,51194737,1,"Wednesday, January 16, 2008 17:24:55 UTC",38.7740,-122.7500,1.8,0.60,18
ci,14343172,M,"Wednesday, January 16, 2008 16:27:44 UTC",32.5376,-115.6331,1.7,2.30,15
ak,00024993,2,"Wednesday, January 16, 2008 15:56:02 UTC",51.3407,-178.3330,2.9,25.50,09
ak,00024646,2,"Wednesday, January 16, 2008 15:52:43 UTC",60.0140,-152.6390,2.1,93.10,17
uu,01161531,2,"Wednesday, January 16, 2008 15:31:00 UTC",44.7742,-110.4588,1.8,2.10,18
uu,01161525,2,"Wednesday, January 16, 2008 15:25:36 UTC",44.7738,-110.4677,1.4,2.00,15
ak,00024991,2,"Wednesday, January 16, 2008 15:10:32 UTC",62.9226,-151.3173,1.3,109.20,11
nc,51194735,1,"Wednesday, January 16, 2008 15:03:03 UTC",37.3903,-118.5695,2.3,12.50,38
ak,00024644,2,"Wednesday, January 16, 2008 15:02:17 UTC",61.7690,-149.5823,1.9,30.50,27
nc,51194734,1,"Wednesday, January 16, 2008 14:48:12 UTC",35.5047,-121.4917,2.0,0.00,25
pr,p0801603,1,"Wednesday, January 16, 2008 14:45:20 UTC",18.0560,-67.8933,3.3,117.20,13
uu,01161430,2,"Wednesday, January 16, 2008 14:30:21 UTC",39.4145,-111.2225,1.3,1.80,12
ak,00024643,2,"Wednesday, January 16, 2008 14:18:19 UTC",63.7466,-149.2678,1.3,109.50,14
us,2008mgan,Q,"Wednesday, January 16, 2008 13:39:40 UTC",37.8125,71.4825,4.6,216.00,10
ak,00024987,2,"Wednesday, January 16, 2008 13:30:28 UTC",60.5916,-152.2444,1.8,86.30,19
ak,00024986,2,"Wednesday, January 16, 2008 13:29:15 UTC",64.8840,-139.4627,2.1,3.00,12
nc,51194733,1,"Wednesday, January 16, 2008 13:26:59 UTC",38.8247,-122.8040,1.8,3.10,20
nc,51194732,1,"Wednesday, January 16, 2008 13:26:47 UTC",38.8228,-122.8053,1.0,3.10,13
ak,00024641,2,"Wednesday, January 16, 2008 13:24:14 UTC",54.9055,-161.3408,2.2,57.90,08
nc,51194731,1,"Wednesday, January 16, 2008 12:51:48 UTC",37.9902,-118.6830,2.6,5.90,55
nc,51194730,1,"Wednesday, January 16, 2008 12:51:40 UTC",39.4765,-122.9627,1.7,6.20,10
ak,00024640,2,"Wednesday, January 16, 2008 12:48:13 UTC",62.1958,-150.1961,1.4,2.30,16
ci,14343152,M,"Wednesday, January 16, 2008 12:38:48 UTC",33.3305,-116.3596,1.4,13.00,49
nc,51194727,1,"Wednesday, January 16, 2008 11:54:49 UTC",37.4722,-118.7308,1.6,2.70,21
us,2008mgak,T,"Wednesday, January 16, 2008 11:54:44 UTC",32.3495,85.1464,5.9,11.50,191
ak,00024634,3,"Wednesday, January 16, 2008 11:12:33 UTC",50.1471,179.2811,4.1,20.10,12
nc,51194726,1,"Wednesday, January 16, 2008 11:01:58 UTC",38.8188,-122.8178,1.6,2.90,21
ak,00024632,2,"Wednesday, January 16, 2008 10:43:18 UTC",61.7008,-149.9064,1.6,42.90,18
nc,51194725,1,"Wednesday, January 16, 2008 10:41:25 UTC",37.5980,-119.4185,2.7,0.60,62
ak,00024631,2,"Wednesday, January 16, 2008 10:40:56 UTC",65.9173,-147.1758,2.1,13.00,19
ak,00024628,2,"Wednesday, January 16, 2008 10:25:40 UTC",62.1798,-145.5753,2.7,15.20,38
ci,14343140,M,"Wednesday, January 16, 2008 10:16:25 UTC",33.9268,-116.8021,1.7,12.70,57
ak,00024626,2,"Wednesday, January 16, 2008 10:10:56 UTC",61.8515,-151.4111,1.7,74.20,16
ak,00024978,2,"Wednesday, January 16, 2008 09:56:28 UTC",62.5627,-149.7232,1.2,60.40,09
ci,14343136,M,"Wednesday, January 16, 2008 09:37:29 UTC",34.2645,-117.0936,1.6,10.30,61
nc,51194722,1,"Wednesday, January 16, 2008 09:35:39 UTC",38.8272,-122.7672,1.2,2.00, 9
ak,00024625,2,"Wednesday, January 16, 2008 09:21:02 UTC",62.7561,-150.9259,1.4,89.10,14
ak,00024623,2,"Wednesday, January 16, 2008 09:14:52 UTC",63.4535,-151.2256,1.1,2.20,08
nc,51194721,1,"Wednesday, January 16, 2008 09:12:33 UTC",38.8325,-122.7780,1.1,1.50,15
ak,00024975,2,"Wednesday, January 16, 2008 08:54:38 UTC",62.0986,-148.7717,1.5,35.00,22
ci,14343132,M,"Wednesday, January 16, 2008 08:26:48 UTC",32.7151,-115.4143,1.9,14.30,25
nc,51194718,1,"Wednesday, January 16, 2008 08:13:51 UTC",36.2367,-120.3792,1.4,9.40,12
ak,00024620,2,"Wednesday, January 16, 2008 08:04:45 UTC",62.1710,-145.6071,2.4,10.50,31
ak,00024619,2,"Wednesday, January 16, 2008 08:02:08 UTC",63.2568,-151.1520,1.6,6.80,14
ak,00024617,2,"Wednesday, January 16, 2008 07:41:31 UTC",53.5318,-166.4114,2.7,69.80,15
ak,00024616,2,"Wednesday, January 16, 2008 07:36:32 UTC",55.8366,-159.2315,2.6,100.60,11
ak,00024969,2,"Wednesday, January 16, 2008 07:33:49 UTC",59.9226,-152.9292,2.2,99.00,18
se,hwb0116a,A,"Wednesday, January 16, 2008 07:13:32 UTC",34.6100,-85.1900,1.8,5.50, 6
ci,14343124,M,"Wednesday, January 16, 2008 07:08:13 UTC",33.9376,-116.9656,1.1,18.70,26
ci,14343128,M,"Wednesday, January 16, 2008 07:06:03 UTC",32.1846,-115.2011,1.9,6.00,12
ci,14343120,M,"Wednesday, January 16, 2008 07:00:16 UTC",35.3488,-118.5718,1.3,6.30,11
ci,14343116,M,"Wednesday, January 16, 2008 06:57:54 UTC",32.7061,-115.4066,1.9,13.00,17
ak,00024615,2,"Wednesday, January 16, 2008 06:19:36 UTC",63.2582,-151.1609,1.3,8.20,09
ak,00024614,2,"Wednesday, January 16, 2008 06:10:02 UTC",63.2738,-151.1626,1.4,11.60,10
uu,01160605,2,"Wednesday, January 16, 2008 06:05:22 UTC",39.4188,-111.2062,1.1,5.10,11
ci,12329795,M,"Wednesday, January 16, 2008 05:44:32 UTC",34.8615,-118.9840,1.6,11.20,16
ci,14343108,M,"Wednesday, January 16, 2008 05:43:52 UTC",35.3480,-118.5631,1.9,5.50,25
ak,00024612,2,"Wednesday, January 16, 2008 05:38:14 UTC",54.6431,-161.1367,2.9,3.20,16
ak,00024611,2,"Wednesday, January 16, 2008 05:29:20 UTC",61.9699,-148.2506,2.3,34.80,35
uw,01160529,1,"Wednesday, January 16, 2008 05:29:10 UTC",46.2001,-122.1764,1.1,0.00, 6
ak,00024608,2,"Wednesday, January 16, 2008 05:28:34 UTC",61.9994,-151.0328,1.9,67.00,19
uu,01160512,2,"Wednesday, January 16, 2008 05:12:06 UTC",39.4243,-111.2192,1.3,5.10,10
uu,01160506,2,"Wednesday, January 16, 2008 05:06:11 UTC",38.9990,-111.3812,1.9,13.90, 8
ci,14343104,M,"Wednesday, January 16, 2008 04:25:09 UTC",33.8328,-116.7828,2.3,15.60,101
uu,01160422,2,"Wednesday, January 16, 2008 04:22:11 UTC",39.4110,-111.1803,2.1,10.60, 7
pr,p0801601,1,"Wednesday, January 16, 2008 04:11:56 UTC",17.7620,-67.9667,4.1,61.90,35
uu,01160340,2,"Wednesday, January 16, 2008 03:40:52 UTC",39.4168,-111.2123,1.4,2.10,15
ci,14343096,M,"Wednesday, January 16, 2008 03:36:50 UTC",36.0813,-117.8986,1.6,5.30,24
ak,00024961,2,"Wednesday, January 16, 2008 03:20:25 UTC",66.3149,-142.3281,2.1,1.00,07
uu,01160313,2,"Wednesday, January 16, 2008 03:13:25 UTC",39.6653,-110.4947,1.4,5.20, 5
ak,00024959,2,"Wednesday, January 16, 2008 03:11:05 UTC",62.0053,-149.0790,1.6,17.50,19
pr,p0801602,1,"Wednesday, January 16, 2008 03:07:13 UTC",18.4652,-65.5032,3.2,115.00,29
ak,00024958,2,"Wednesday, January 16, 2008 03:04:17 UTC",63.2641,-145.3347,1.6,1.60,09
uu,01160302,2,"Wednesday, January 16, 2008 03:02:06 UTC",39.4238,-111.2120,1.7,5.10, 8
hv,00027538,1,"Wednesday, January 16, 2008 02:58:28 UTC",19.2902,-155.2530,2.9,6.90,00
hv,00027537,1,"Wednesday, January 16, 2008 02:57:52 UTC",19.4092,-155.3152,2.4,6.90,00
ak,00024606,2,"Wednesday, January 16, 2008 02:48:00 UTC",63.3295,-145.0720,2.0,3.40,21
uu,01160226,2,"Wednesday, January 16, 2008 02:26:53 UTC",39.4180,-111.2222,1.2,3.20, 9
ak,00024603,2,"Wednesday, January 16, 2008 02:24:10 UTC",59.6274,-153.0860,2.1,100.80,21
ak,00024602,2,"Wednesday, January 16, 2008 02:17:25 UTC",62.3416,-151.2541,1.7,81.00,17
ak,00024601,2,"Wednesday, January 16, 2008 02:00:35 UTC",62.5647,-149.4423,1.5,57.20,16
ak,00024952,2,"Wednesday, January 16, 2008 01:52:37 UTC",59.9322,-153.1894,2.2,139.20,18
nc,51194706,1,"Wednesday, January 16, 2008 01:30:25 UTC",37.9885,-118.6792,2.3,5.80,23
nc,51194703,1,"Wednesday, January 16, 2008 01:11:39 UTC",38.5103,-122.3088,1.5,2.50,12
ak,00024599,2,"Wednesday, January 16, 2008 00:52:15 UTC",62.2131,-150.1519,1.5,5.30,15
nc,51194702,1,"Wednesday, January 16, 2008 00:48:30 UTC",36.2332,-120.3692,2.6,10.00,104
uu,01160041,2,"Wednesday, January 16, 2008 00:41:08 UTC",39.4273,-111.2015,1.1,4.90, 5
uu,01160040,2,"Wednesday, January 16, 2008 00:39:54 UTC",39.4173,-111.2297,2.2,7.20,26
ci,14343076,M,"Wednesday, January 16, 2008 00:34:05 UTC",33.6883,-116.7565,1.2,15.70,35
ak,00024598,2,"Wednesday, January 16, 2008 00:28:00 UTC",54.4836,-161.6056,2.3,4.70,06
ak,00100824,6,"Wednesday, January 16, 2008 00:11:23 UTC",63.0497,-151.5320,1.8,12.30,04
ak,00024597,2,"Wednesday, January 16, 2008 00:11:23 UTC",63.0454,-151.5356,1.0,10.60,08
ak,00100823,6,"Wednesday, January 16, 2008 00:08:46 UTC",64.9714,-147.3389,1.6,0.30,05
ak,00024596,2,"Wednesday, January 16, 2008 00:08:46 UTC",64.9950,-147.3414,1.4,0.00,05
nc,51194699,1,"Tuesday, January 15, 2008 23:52:27 UTC",37.6077,-122.3542,1.6,12.30,19
ci,14343064,M,"Tuesday, January 15, 2008 23:41:44 UTC",32.9698,-115.9033,2.1,3.90,47
hv,00027536,0,"Tuesday, January 15, 2008 23:30:08 UTC",19.3288,-155.1370,1.8,7.00,00
ak,00100822,6,"Tuesday, January 15, 2008 23:19:15 UTC",63.5287,-147.9397,1.9,1.80,14
ak,00024595,2,"Tuesday, January 15, 2008 23:19:15 UTC",63.5195,-147.9385,1.7,1.70,18
pr,p0801504,1,"Tuesday, January 15, 2008 22:53:22 UTC",17.8247,-65.9663,2.6,6.10,15
us,2008mfbb,7,"Tuesday, January 15, 2008 22:52:33 UTC",-23.2527,-69.5487,4.9,30.00,78
ak,00100821,6,"Tuesday, January 15, 2008 22:44:19 UTC",53.5502,-167.2474,2.6,0.10,08
ak,00024594,2,"Tuesday, January 15, 2008 22:44:14 UTC",53.2669,-166.8291,2.1,22.30,13
nc,51194694,1,"Tuesday, January 15, 2008 22:18:57 UTC",38.8165,-122.7950,1.2,3.50,23
ak,00024842,2,"Tuesday, January 15, 2008 22:11:07 UTC",60.2771,-152.9750,2.2,138.70,22
nc,51194693,1,"Tuesday, January 15, 2008 22:10:17 UTC",38.8143,-122.7963,1.2,3.80,20
uu,00011886,2,"Tuesday, January 15, 2008 22:05:42 UTC",37.5573,-112.5217,2.4,1.30,23
nc,51194690,1,"Tuesday, January 15, 2008 21:38:32 UTC",37.9888,-118.6827,2.3,5.60,57
ak,00024841,2,"Tuesday, January 15, 2008 21:35:06 UTC",60.5386,-147.4546,1.7,11.90,12
nc,51194689,1,"Tuesday, January 15, 2008 21:24:06 UTC",38.8132,-122.8247,1.8,2.40,31
uu,01152100,2,"Tuesday, January 15, 2008 21:00:08 UTC",38.9875,-111.3950,1.5,13.40, 8
nc,51194686,1,"Tuesday, January 15, 2008 20:41:41 UTC",38.8155,-122.8168,1.2,3.00,21
ak,00024536,2,"Tuesday, January 15, 2008 20:41:30 UTC",59.8689,-152.5163,2.4,81.20,31
ak,00100819,6,"Tuesday, January 15, 2008 20:41:30 UTC",59.8509,-152.3869,2.7,82.10,15
ci,14343040,M,"Tuesday, January 15, 2008 20:25:24 UTC",35.2145,-117.4075,1.4,5.60,21
ci,14343036,M,"Tuesday, January 15, 2008 20:01:40 UTC",33.8480,-117.4858,1.8,0.00,17
uu,01151957,2,"Tuesday, January 15, 2008 19:57:37 UTC",39.4155,-111.2162,1.6,3.90,15
nc,51194683,1,"Tuesday, January 15, 2008 19:53:01 UTC",38.7412,-122.7387,1.0,1.30,12
ci,14343032,M,"Tuesday, January 15, 2008 19:51:55 UTC",34.5388,-116.2605,1.7,5.50,23
nc,51194681,1,"Tuesday, January 15, 2008 19:48:31 UTC",38.8382,-122.8305,1.5,2.30,17
ak,00024839,2,"Tuesday, January 15, 2008 19:40:29 UTC",61.7266,-151.4826,1.5,76.10,15
uu,01151929,2,"Tuesday, January 15, 2008 19:29:35 UTC",37.6900,-113.2177,1.0,1.70, 8
nc,51194678,1,"Tuesday, January 15, 2008 19:18:46 UTC",38.8118,-122.8227,2.7,2.60,58
ci,14343020,M,"Tuesday, January 15, 2008 19:08:17 UTC",35.8106,-118.6465,2.3,13.20,45
nc,51194676,1,"Tuesday, January 15, 2008 18:45:47 UTC",38.8213,-122.7867,1.0,2.30,15
nc,51194674,1,"Tuesday, January 15, 2008 18:27:35 UTC",38.8153,-122.8317,1.0,3.10,16
ak,00100810,6,"Tuesday, January 15, 2008 18:01:54 UTC",61.0922,-151.0830,2.3,35.00,14
ak,00024527,2,"Tuesday, January 15, 2008 18:01:54 UTC",61.0787,-151.1403,1.9,58.20,23
us,2008mfa4,R,"Tuesday, January 15, 2008 17:55:41 UTC",36.5384,141.1497,4.9,40.20,41
ak,00024837,2,"Tuesday, January 15, 2008 17:54:55 UTC",62.6043,-151.0543,1.1,71.80,07
uu,01151754,2,"Tuesday, January 15, 2008 17:54:21 UTC",39.4243,-111.2198,1.2,5.00,10
us,2008mfa2,S,"Tuesday, January 15, 2008 17:52:15 UTC",-21.9055,-179.5245,6.5,596.40,228
hv,00027535,0,"Tuesday, January 15, 2008 17:43:22 UTC",19.4307,-155.3635,1.8,4.50,00
nc,51194666,1,"Tuesday, January 15, 2008 17:03:12 UTC",40.5445,-124.1867,2.5,8.50,12
ak,00100807,6,"Tuesday, January 15, 2008 16:19:53 UTC",61.4061,-150.6917,2.0,69.30,05
ak,00024523,2,"Tuesday, January 15, 2008 16:19:53 UTC",61.4150,-150.7289,1.8,75.30,13
uu,01151604,2,"Tuesday, January 15, 2008 16:03:15 UTC",44.6155,-110.6603,1.4,4.00,16
ak,00024835,2,"Tuesday, January 15, 2008 15:52:24 UTC",61.1116,-152.2403,1.9,110.40,13
ak,00024834,2,"Tuesday, January 15, 2008 15:11:56 UTC",63.8700,-149.2969,1.5,115.80,12
ak,00024521,2,"Tuesday, January 15, 2008 15:03:35 UTC",57.2589,-154.9025,2.0,46.10,09
ak,00100805,6,"Tuesday, January 15, 2008 15:03:35 UTC",57.3169,-154.8381,2.4,35.40,06
uu,01151500,2,"Tuesday, January 15, 2008 15:00:23 UTC",44.6125,-110.6627,1.3,4.20,15
uw,01151427,1,"Tuesday, January 15, 2008 14:27:54 UTC",47.8493,-122.6135,2.2,25.70,33
us,2008mfba,Q,"Tuesday, January 15, 2008 14:26:21 UTC",6.1250,126.7997,4.7,114.70,21
uu,01151401,2,"Tuesday, January 15, 2008 14:01:55 UTC",39.6750,-110.4860,1.0,2.20,11
nc,51194662,1,"Tuesday, January 15, 2008 12:52:52 UTC",37.5058,-118.8748,1.3,6.30,14
ci,14342996,M,"Tuesday, January 15, 2008 12:46:23 UTC",35.1063,-118.7758,1.5,8.60,11
ak,00024518,2,"Tuesday, January 15, 2008 12:34:46 UTC",60.8652,-146.9214,2.4,15.00,28
ak,00100802,6,"Tuesday, January 15, 2008 12:34:44 UTC",60.8479,-146.9204,2.5,19.80,17
ci,14342992,M,"Tuesday, January 15, 2008 12:19:55 UTC",33.6681,-116.7278,1.0,16.50,26
ak,00024830,2,"Tuesday, January 15, 2008 11:40:49 UTC",62.8721,-151.3683,1.4,105.10,10
ak,00024829,2,"Tuesday, January 15, 2008 11:16:10 UTC",61.9837,-150.0126,1.2,45.10,08
uw,01151100,1,"Tuesday, January 15, 2008 11:00:19 UTC",47.8571,-122.6206,2.4,25.40,46
nc,51194658,1,"Tuesday, January 15, 2008 10:48:55 UTC",37.9907,-118.6697,1.7,5.30,10
ak,00100800,6,"Tuesday, January 15, 2008 10:44:51 UTC",60.0973,-152.4253,2.0,87.00,13
ak,00024516,2,"Tuesday, January 15, 2008 10:44:51 UTC",60.0956,-152.5219,2.2,89.20,29
nc,51194655,1,"Tuesday, January 15, 2008 10:10:56 UTC",38.7917,-122.7528,1.5,1.40,19
uw,01150959,1,"Tuesday, January 15, 2008 09:59:10 UTC",48.5136,-123.2413,2.0,27.30,34
ak,00024827,2,"Tuesday, January 15, 2008 09:51:32 UTC",59.7156,-152.2012,1.8,75.90,12
us,2008mfaw,Q,"Tuesday, January 15, 2008 09:43:28 UTC",5.6324,92.9467,4.9,35.00,19
nc,51194654,1,"Tuesday, January 15, 2008 09:15:06 UTC",37.7558,-122.1775,1.3,9.70,14
nc,51194652,1,"Tuesday, January 15, 2008 08:20:50 UTC",36.2357,-120.3905,1.4,8.30, 9
ak,00024510,2,"Tuesday, January 15, 2008 08:15:01 UTC",61.2613,-150.7296,1.8,57.30,16
ak,00100797,6,"Tuesday, January 15, 2008 08:15:00 UTC",61.3203,-150.7329,1.7,61.10,12
ak,00100793,6,"Tuesday, January 15, 2008 08:10:01 UTC",61.5710,-149.9838,2.8,34.30,31
ak,00024506,2,"Tuesday, January 15, 2008 08:10:01 UTC",61.5687,-149.9367,2.7,35.20,37
ci,14342984,M,"Tuesday, January 15, 2008 08:06:15 UTC",34.0081,-116.8501,1.9,19.20,89
ak,00100789,6,"Tuesday, January 15, 2008 08:00:41 UTC",61.5553,-149.9368,3.9,30.60,55
ak,00024501,3,"Tuesday, January 15, 2008 08:00:41 UTC",61.5558,-149.9470,3.9,38.10,63
ak,00100788,6,"Tuesday, January 15, 2008 07:53:54 UTC",63.8955,-150.7883,1.4,0.10,04
ak,00024500,2,"Tuesday, January 15, 2008 07:53:52 UTC",64.2803,-151.5201,1.1,14.90,07
us,2008mfau,T,"Tuesday, January 15, 2008 07:44:25 UTC",38.9150,26.0553,4.2,8.80,92
ci,14342976,M,"Tuesday, January 15, 2008 07:43:01 UTC",33.6711,-116.7705,1.3,14.70,42
nc,51194648,1,"Tuesday, January 15, 2008 07:42:23 UTC",38.8373,-122.8287,1.1,2.10,13
ak,00024821,2,"Tuesday, January 15, 2008 07:35:48 UTC",63.9957,-145.3339,1.3,7.50,11
pr,p0801503,1,"Tuesday, January 15, 2008 07:35:37 UTC",18.8160,-64.5537,2.9,97.10,09
nc,51194646,1,"Tuesday, January 15, 2008 07:12:12 UTC",37.9797,-118.6877,2.0,6.00,10
us,2008mfam,S,"Tuesday, January 15, 2008 07:00:55 UTC",70.3865,-15.2154,4.6,10.00,32
us,2008mfar,S,"Tuesday, January 15, 2008 06:55:27 UTC",70.2692,-15.1486,4.5,10.00,14
uu,01150653,2,"Tuesday, January 15, 2008 06:53:55 UTC",44.3100,-110.6060,2.2,4.10,21
nc,51194645,1,"Tuesday, January 15, 2008 06:51:58 UTC",37.9945,-118.6903,1.8,6.60,11
uu,01150650,2,"Tuesday, January 15, 2008 06:49:49 UTC",44.3207,-110.5962,1.4,2.40, 8
nc,51194643,1,"Tuesday, January 15, 2008 06:49:35 UTC",37.9897,-118.6825,1.7,6.00,12
uu,00011875,2,"Tuesday, January 15, 2008 06:49:29 UTC",44.3125,-110.6065,2.4,1.80,19
uu,01150646,2,"Tuesday, January 15, 2008 06:46:13 UTC",44.3153,-110.6020,1.4,2.10,12
uu,01150644,2,"Tuesday, January 15, 2008 06:44:05 UTC",44.3112,-110.6115,1.0,2.20,11
nc,51194642,1,"Tuesday, January 15, 2008 06:43:33 UTC",37.9900,-118.6837,2.6,5.90,66
uu,01150642,2,"Tuesday, January 15, 2008 06:42:48 UTC",44.3232,-110.5987,1.5,6.60, 9
uu,01150641,2,"Tuesday, January 15, 2008 06:41:13 UTC",39.6713,-110.4910,1.2,2.40, 8
uu,01150640,2,"Tuesday, January 15, 2008 06:40:11 UTC",39.6735,-110.4938,1.2,4.50, 8
nc,51194641,2,"Tuesday, January 15, 2008 06:35:18 UTC",37.9828,-118.6857,3.0,5.70,86
us,2008mfap,R,"Tuesday, January 15, 2008 06:33:36 UTC",70.3426,-15.3533,4.4,10.00,13
uu,01150633,2,"Tuesday, January 15, 2008 06:33:00 UTC",39.4198,-111.2195,1.6,3.60,15
ci,14342956,M,"Tuesday, January 15, 2008 06:23:56 UTC",35.7286,-118.0590,1.1,5.60,23
us,2008mfan,Q,"Tuesday, January 15, 2008 06:14:05 UTC",0.9634,126.4682,4.6,76.90,25
ak,00024820,2,"Tuesday, January 15, 2008 06:09:46 UTC",62.1862,-150.7656,1.3,64.00,09
ak,00024819,2,"Tuesday, January 15, 2008 05:58:02 UTC",60.9896,-148.4270,1.4,5.60,08
pr,p0801501,1,"Tuesday, January 15, 2008 05:55:52 UTC",19.3118,-64.5815,3.2,14.30,14
nm,hwb0115a,A,"Tuesday, January 15, 2008 05:53:59 UTC",36.5000,-89.6000,1.7,9.70,16
ci,14342952,M,"Tuesday, January 15, 2008 05:48:03 UTC",32.7815,-116.5845,1.8,12.20,32
ci,14342948,M,"Tuesday, January 15, 2008 05:35:35 UTC",34.1655,-117.5188,1.9,13.80,73
ak,00100786,6,"Tuesday, January 15, 2008 05:33:33 UTC",60.2635,-148.5009,2.0,11.20,07
ak,00024498,2,"Tuesday, January 15, 2008 05:33:33 UTC",60.1868,-148.5604,2.0,9.00,12
nn,00229638,2,"Tuesday, January 15, 2008 05:20:09 UTC",40.0580,-119.9780,1.4,10.70,24
uu,01150517,2,"Tuesday, January 15, 2008 05:17:30 UTC",39.4170,-111.2152,1.3,3.80,11
ak,00024817,2,"Tuesday, January 15, 2008 04:40:27 UTC",62.2142,-154.1238,1.3,1.70,07
nc,51194634,2,"Tuesday, January 15, 2008 04:28:21 UTC",37.9842,-118.6848,3.0,0.40,77
uu,01150426,2,"Tuesday, January 15, 2008 04:26:23 UTC",39.4215,-111.2185,1.6,3.70,11
ci,14342916,M,"Tuesday, January 15, 2008 04:24:47 UTC",34.0160,-116.9768,1.1,18.10,41
nc,51194630,1,"Tuesday, January 15, 2008 04:21:09 UTC",37.9885,-118.6843,2.0,6.20,27
us,2008mfad,Q,"Tuesday, January 15, 2008 04:13:56 UTC",23.3208,121.9333,2.8,35.00, 6
ak,00024496,2,"Tuesday, January 15, 2008 03:58:13 UTC",63.2056,-150.8388,1.8,126.50,18
nn,00229630,2,"Tuesday, January 15, 2008 03:46:31 UTC",37.3580,-117.0970,1.0,8.50,20
ak,00024495,2,"Tuesday, January 15, 2008 03:35:57 UTC",61.9525,-149.9998,1.5,45.80,10
nc,51194626,1,"Tuesday, January 15, 2008 03:30:53 UTC",38.8410,-122.8282,1.3,1.90,15
nc,51194625,1,"Tuesday, January 15, 2008 03:18:41 UTC",36.2093,-120.3222,2.2,9.80,71
nc,51194624,1,"Tuesday, January 15, 2008 03:03:04 UTC",36.4958,-121.0722,2.2,3.60,20
ak,00024494,2,"Tuesday, January 15, 2008 03:02:48 UTC",58.2836,-155.0071,1.0,1.30,06
ak,00100782,6,"Tuesday, January 15, 2008 03:02:48 UTC",58.2900,-155.0281,1.1,0.00,04
ak,00024813,2,"Tuesday, January 15, 2008 02:59:35 UTC",62.1949,-145.6793,1.7,18.70,08
ci,14342892,M,"Tuesday, January 15, 2008 02:25:16 UTC",35.3838,-118.6475,1.0,6.30,14
nc,51194619,1,"Tuesday, January 15, 2008 02:00:30 UTC",38.7233,-122.6732,1.2,4.50,11
nc,51194618,1,"Tuesday, January 15, 2008 01:59:23 UTC",38.7480,-122.7012,1.0,1.50, 8
nc,51194615,1,"Tuesday, January 15, 2008 01:58:18 UTC",38.7280,-122.6887,1.3,5.50,12
nc,51194613,1,"Tuesday, January 15, 2008 01:56:50 UTC",38.7423,-122.6957,1.0,1.10, 9
nc,51194612,1,"Tuesday, January 15, 2008 01:55:49 UTC",38.7012,-122.6515,1.6,8.70, 8
nc,51194611,1,"Tuesday, January 15, 2008 01:50:26 UTC",38.8077,-122.7775,2.4,2.00,44
ak,00100780,6,"Tuesday, January 15, 2008 01:44:36 UTC",64.0270,-148.9299,2.4,9.10,24
ak,00024492,2,"Tuesday, January 15, 2008 01:44:35 UTC",63.9393,-148.9330,2.4,4.60,33
uu,01150136,2,"Tuesday, January 15, 2008 01:36:03 UTC",38.9862,-111.3913,1.5,11.90,10
ci,14342884,M,"Tuesday, January 15, 2008 01:23:14 UTC",33.4175,-116.6036,1.4,11.70,44
ci,14342880,M,"Tuesday, January 15, 2008 00:42:33 UTC",35.0470,-117.6841,2.0,0.00,18
uu,01150038,2,"Tuesday, January 15, 2008 00:38:29 UTC",39.4220,-111.2217,1.5,4.80,12
ak,00100779,6,"Tuesday, January 15, 2008 00:16:27 UTC",64.9655,-147.3384,1.1,0.00,05
uu,01150014,2,"Tuesday, January 15, 2008 00:14:21 UTC",39.6780,-110.4890,1.1,2.10, 9
ci,14342876,M,"Tuesday, January 15, 2008 00:01:10 UTC",33.4836,-116.4580,1.4,14.60,44
ak,00100778,6,"Monday, January 14, 2008 23:56:42 UTC",63.0531,-151.0512,1.6,19.80,04
ak,00024465,2,"Monday, January 14, 2008 23:56:35 UTC",63.3281,-150.5421,1.4,122.00,10
nc,51194604,1,"Monday, January 14, 2008 23:42:24 UTC",36.5595,-121.1300,1.5,2.70, 9
pr,p0801404,1,"Monday, January 14, 2008 23:35:34 UTC",18.0198,-65.3777,2.6,14.20,12
ak,00100777,6,"Monday, January 14, 2008 23:24:45 UTC",64.6292,-147.1394,1.3,0.10,04
uu,01142303,2,"Monday, January 14, 2008 23:03:32 UTC",39.9992,-111.8178,1.0,7.00,15
uu,01142302,2,"Monday, January 14, 2008 23:02:41 UTC",39.4305,-111.2188,1.2,3.80, 7
uw,01142248,1,"Monday, January 14, 2008 22:48:11 UTC",48.0826,-121.9445,1.6,0.00,11
